"Date","Region","Cases","Fatalities","Hospitalised","GeneralWards","ICU","CurrentHosp","CurrentGW","CurrentICU"
"2020-03-02","Baden-Wurttemberg",18,0,"NA","NA","NA","NA","NA","NA"
"2020-03-02","Bayern",28,0,"NA","NA","NA","NA","NA","NA"
"2020-03-02","Berlin",4,0,"NA","NA","NA","NA","NA","NA"
"2020-03-02","Brandenburg",0,0,"NA","NA","NA","NA","NA","NA"
"2020-03-02","Bremen",1,0,"NA","NA","NA","NA","NA","NA"
"2020-03-02","Hamburg",2,0,"NA","NA","NA","NA","NA","NA"
"2020-03-02","Hessen",12,0,"NA","NA","NA","NA","NA","NA"
"2020-03-02","Mecklenburg-Vorpommern",0,0,"NA","NA","NA","NA","NA","NA"
"2020-03-02","Niedersachsen",1,0,"NA","NA","NA","NA","NA","NA"
"2020-03-02","Nordrhein-Westfalen",76,0,"NA","NA","NA","NA","NA","NA"
"2020-03-02","Rheinland-Pfalz",2,0,"NA","NA","NA","NA","NA","NA"
"2020-03-02","Saarland",0,0,"NA","NA","NA","NA","NA","NA"
"2020-03-02","Sachsen",1,0,"NA","NA","NA","NA","NA","NA"
"2020-03-02","Sachsen-Anhalt",0,0,"NA","NA","NA","NA","NA","NA"
"2020-03-02","Schleswig-Holstein",2,0,"NA","NA","NA","NA","NA","NA"
"2020-03-02","Thuringen",1,0,"NA","NA","NA","NA","NA","NA"
"2020-03-03","Baden-Wurttemberg",25,0,"NA","NA","NA","NA","NA","NA"
"2020-03-03","Bayern",32,0,"NA","NA","NA","NA","NA","NA"
"2020-03-03","Berlin",6,0,"NA","NA","NA","NA","NA","NA"
"2020-03-03","Brandenburg",0,0,"NA","NA","NA","NA","NA","NA"
"2020-03-03","Bremen",3,0,"NA","NA","NA","NA","NA","NA"
"2020-03-03","Hamburg",2,0,"NA","NA","NA","NA","NA","NA"
"2020-03-03","Hessen",12,0,"NA","NA","NA","NA","NA","NA"
"2020-03-03","Mecklenburg-Vorpommern",4,0,"NA","NA","NA","NA","NA","NA"
"2020-03-03","Niedersachsen",4,0,"NA","NA","NA","NA","NA","NA"
"2020-03-03","Nordrhein-Westfalen",98,0,"NA","NA","NA","NA","NA","NA"
"2020-03-03","Rheinland-Pfalz",6,0,"NA","NA","NA","NA","NA","NA"
"2020-03-03","Saarland",0,0,"NA","NA","NA","NA","NA","NA"
"2020-03-03","Sachsen",1,0,"NA","NA","NA","NA","NA","NA"
"2020-03-03","Sachsen-Anhalt",0,0,"NA","NA","NA","NA","NA","NA"
"2020-03-03","Schleswig-Holstein",3,0,"NA","NA","NA","NA","NA","NA"
"2020-03-03","Thuringen",1,0,"NA","NA","NA","NA","NA","NA"
"2020-03-04","Baden-Wurttemberg",50,0,"NA","NA","NA","NA","NA","NA"
"2020-03-04","Bayern",48,0,"NA","NA","NA","NA","NA","NA"
"2020-03-04","Berlin",7,0,"NA","NA","NA","NA","NA","NA"
"2020-03-04","Brandenburg",1,0,"NA","NA","NA","NA","NA","NA"
"2020-03-04","Bremen",3,0,"NA","NA","NA","NA","NA","NA"
"2020-03-04","Hamburg",3,0,"NA","NA","NA","NA","NA","NA"
"2020-03-04","Hessen",12,0,"NA","NA","NA","NA","NA","NA"
"2020-03-04","Mecklenburg-Vorpommern",4,0,"NA","NA","NA","NA","NA","NA"
"2020-03-04","Niedersachsen",7,0,"NA","NA","NA","NA","NA","NA"
"2020-03-04","Nordrhein-Westfalen",115,0,"NA","NA","NA","NA","NA","NA"
"2020-03-04","Rheinland-Pfalz",7,0,"NA","NA","NA","NA","NA","NA"
"2020-03-04","Saarland",1,0,"NA","NA","NA","NA","NA","NA"
"2020-03-04","Sachsen",1,0,"NA","NA","NA","NA","NA","NA"
"2020-03-04","Sachsen-Anhalt",0,0,"NA","NA","NA","NA","NA","NA"
"2020-03-04","Schleswig-Holstein",2,0,"NA","NA","NA","NA","NA","NA"
"2020-03-04","Thuringen",1,0,"NA","NA","NA","NA","NA","NA"
"2020-03-05","Baden-Wurttemberg",73,0,"NA","NA","NA","NA","NA","NA"
"2020-03-05","Bayern",70,0,"NA","NA","NA","NA","NA","NA"
"2020-03-05","Berlin",13,0,"NA","NA","NA","NA","NA","NA"
"2020-03-05","Brandenburg",1,0,"NA","NA","NA","NA","NA","NA"
"2020-03-05","Bremen",3,0,"NA","NA","NA","NA","NA","NA"
"2020-03-05","Hamburg",5,0,"NA","NA","NA","NA","NA","NA"
"2020-03-05","Hessen",14,0,"NA","NA","NA","NA","NA","NA"
"2020-03-05","Mecklenburg-Vorpommern",4,0,"NA","NA","NA","NA","NA","NA"
"2020-03-05","Niedersachsen",18,0,"NA","NA","NA","NA","NA","NA"
"2020-03-05","Nordrhein-Westfalen",181,0,"NA","NA","NA","NA","NA","NA"
"2020-03-05","Rheinland-Pfalz",8,0,"NA","NA","NA","NA","NA","NA"
"2020-03-05","Saarland",1,0,"NA","NA","NA","NA","NA","NA"
"2020-03-05","Sachsen",1,0,"NA","NA","NA","NA","NA","NA"
"2020-03-05","Sachsen-Anhalt",0,0,"NA","NA","NA","NA","NA","NA"
"2020-03-05","Schleswig-Holstein",7,0,"NA","NA","NA","NA","NA","NA"
"2020-03-05","Thuringen",1,0,"NA","NA","NA","NA","NA","NA"
"2020-03-06","Baden-Wurttemberg",96,0,"NA","NA","NA","NA","NA","NA"
"2020-03-06","Bayern",117,0,"NA","NA","NA","NA","NA","NA"
"2020-03-06","Berlin",19,0,"NA","NA","NA","NA","NA","NA"
"2020-03-06","Brandenburg",2,0,"NA","NA","NA","NA","NA","NA"
"2020-03-06","Bremen",4,0,"NA","NA","NA","NA","NA","NA"
"2020-03-06","Hamburg",11,0,"NA","NA","NA","NA","NA","NA"
"2020-03-06","Hessen",16,0,"NA","NA","NA","NA","NA","NA"
"2020-03-06","Mecklenburg-Vorpommern",5,0,"NA","NA","NA","NA","NA","NA"
"2020-03-06","Niedersachsen",18,0,"NA","NA","NA","NA","NA","NA"
"2020-03-06","Nordrhein-Westfalen",329,0,"NA","NA","NA","NA","NA","NA"
"2020-03-06","Rheinland-Pfalz",10,0,"NA","NA","NA","NA","NA","NA"
"2020-03-06","Saarland",2,0,"NA","NA","NA","NA","NA","NA"
"2020-03-06","Sachsen",2,0,"NA","NA","NA","NA","NA","NA"
"2020-03-06","Sachsen-Anhalt",0,0,"NA","NA","NA","NA","NA","NA"
"2020-03-06","Schleswig-Holstein",7,0,"NA","NA","NA","NA","NA","NA"
"2020-03-06","Thuringen",1,0,"NA","NA","NA","NA","NA","NA"
"2020-03-07","Baden-Wurttemberg",170,0,"NA","NA","NA","NA","NA","NA"
"2020-03-07","Bayern",134,0,"NA","NA","NA","NA","NA","NA"
"2020-03-07","Berlin",28,0,"NA","NA","NA","NA","NA","NA"
"2020-03-07","Brandenburg",2,0,"NA","NA","NA","NA","NA","NA"
"2020-03-07","Bremen",4,0,"NA","NA","NA","NA","NA","NA"
"2020-03-07","Hamburg",13,0,"NA","NA","NA","NA","NA","NA"
"2020-03-07","Hessen",17,0,"NA","NA","NA","NA","NA","NA"
"2020-03-07","Mecklenburg-Vorpommern",5,0,"NA","NA","NA","NA","NA","NA"
"2020-03-07","Niedersachsen",19,0,"NA","NA","NA","NA","NA","NA"
"2020-03-07","Nordrhein-Westfalen",373,0,"NA","NA","NA","NA","NA","NA"
"2020-03-07","Rheinland-Pfalz",13,0,"NA","NA","NA","NA","NA","NA"
"2020-03-07","Saarland",3,0,"NA","NA","NA","NA","NA","NA"
"2020-03-07","Sachsen",4,0,"NA","NA","NA","NA","NA","NA"
"2020-03-07","Sachsen-Anhalt",0,0,"NA","NA","NA","NA","NA","NA"
"2020-03-07","Schleswig-Holstein",4,0,"NA","NA","NA","NA","NA","NA"
"2020-03-07","Thuringen",2,0,"NA","NA","NA","NA","NA","NA"
"2020-03-08","Baden-Wurttemberg",182,0,"NA","NA","NA","NA","NA","NA"
"2020-03-08","Bayern",172,0,"NA","NA","NA","NA","NA","NA"
"2020-03-08","Berlin",40,0,"NA","NA","NA","NA","NA","NA"
"2020-03-08","Brandenburg",4,0,"NA","NA","NA","NA","NA","NA"
"2020-03-08","Bremen",4,0,"NA","NA","NA","NA","NA","NA"
"2020-03-08","Hamburg",13,0,"NA","NA","NA","NA","NA","NA"
"2020-03-08","Hessen",19,0,"NA","NA","NA","NA","NA","NA"
"2020-03-08","Mecklenburg-Vorpommern",8,0,"NA","NA","NA","NA","NA","NA"
"2020-03-08","Niedersachsen",21,0,"NA","NA","NA","NA","NA","NA"
"2020-03-08","Nordrhein-Westfalen",398,0,"NA","NA","NA","NA","NA","NA"
"2020-03-08","Rheinland-Pfalz",19,0,"NA","NA","NA","NA","NA","NA"
"2020-03-08","Saarland",9,0,"NA","NA","NA","NA","NA","NA"
"2020-03-08","Sachsen",4,0,"NA","NA","NA","NA","NA","NA"
"2020-03-08","Sachsen-Anhalt",0,0,"NA","NA","NA","NA","NA","NA"
"2020-03-08","Schleswig-Holstein",7,0,"NA","NA","NA","NA","NA","NA"
"2020-03-08","Thuringen",2,0,"NA","NA","NA","NA","NA","NA"
"2020-03-09","Baden-Wurttemberg",204,0,"NA","NA","NA","NA","NA","NA"
"2020-03-09","Bayern",256,0,"NA","NA","NA","NA","NA","NA"
"2020-03-09","Berlin",48,0,"NA","NA","NA","NA","NA","NA"
"2020-03-09","Brandenburg",6,0,"NA","NA","NA","NA","NA","NA"
"2020-03-09","Bremen",4,0,"NA","NA","NA","NA","NA","NA"
"2020-03-09","Hamburg",17,0,"NA","NA","NA","NA","NA","NA"
"2020-03-09","Hessen",26,0,"NA","NA","NA","NA","NA","NA"
"2020-03-09","Mecklenburg-Vorpommern",10,0,"NA","NA","NA","NA","NA","NA"
"2020-03-09","Niedersachsen",38,0,"NA","NA","NA","NA","NA","NA"
"2020-03-09","Nordrhein-Westfalen",484,2,"NA","NA","NA","NA","NA","NA"
"2020-03-09","Rheinland-Pfalz",19,0,"NA","NA","NA","NA","NA","NA"
"2020-03-09","Saarland",6,0,"NA","NA","NA","NA","NA","NA"
"2020-03-09","Sachsen",12,0,"NA","NA","NA","NA","NA","NA"
"2020-03-09","Sachsen-Anhalt",0,0,"NA","NA","NA","NA","NA","NA"
"2020-03-09","Schleswig-Holstein",9,0,"NA","NA","NA","NA","NA","NA"
"2020-03-09","Thuringen",2,0,"NA","NA","NA","NA","NA","NA"
"2020-03-10","Baden-Wurttemberg",237,0,"NA","NA","NA","NA","NA","NA"
"2020-03-10","Bayern",314,0,"NA","NA","NA","NA","NA","NA"
"2020-03-10","Berlin",48,0,"NA","NA","NA","NA","NA","NA"
"2020-03-10","Brandenburg",9,0,"NA","NA","NA","NA","NA","NA"
"2020-03-10","Bremen",4,0,"NA","NA","NA","NA","NA","NA"
"2020-03-10","Hamburg",29,0,"NA","NA","NA","NA","NA","NA"
"2020-03-10","Hessen",35,0,"NA","NA","NA","NA","NA","NA"
"2020-03-10","Mecklenburg-Vorpommern",13,0,"NA","NA","NA","NA","NA","NA"
"2020-03-10","Niedersachsen",49,0,"NA","NA","NA","NA","NA","NA"
"2020-03-10","Nordrhein-Westfalen",484,2,"NA","NA","NA","NA","NA","NA"
"2020-03-10","Rheinland-Pfalz",25,0,"NA","NA","NA","NA","NA","NA"
"2020-03-10","Saarland",7,0,"NA","NA","NA","NA","NA","NA"
"2020-03-10","Sachsen",22,0,"NA","NA","NA","NA","NA","NA"
"2020-03-10","Sachsen-Anhalt",7,0,"NA","NA","NA","NA","NA","NA"
"2020-03-10","Schleswig-Holstein",9,0,"NA","NA","NA","NA","NA","NA"
"2020-03-10","Thuringen",4,0,"NA","NA","NA","NA","NA","NA"
"2020-03-11","Baden-Wurttemberg",277,0,"NA","NA","NA","NA","NA","NA"
"2020-03-11","Bayern",366,0,"NA","NA","NA","NA","NA","NA"
"2020-03-11","Berlin",90,0,"NA","NA","NA","NA","NA","NA"
"2020-03-11","Brandenburg",24,0,"NA","NA","NA","NA","NA","NA"
"2020-03-11","Bremen",21,0,"NA","NA","NA","NA","NA","NA"
"2020-03-11","Hamburg",48,0,"NA","NA","NA","NA","NA","NA"
"2020-03-11","Hessen",48,0,"NA","NA","NA","NA","NA","NA"
"2020-03-11","Mecklenburg-Vorpommern",17,0,"NA","NA","NA","NA","NA","NA"
"2020-03-11","Niedersachsen",75,0,"NA","NA","NA","NA","NA","NA"
"2020-03-11","Nordrhein-Westfalen",484,3,"NA","NA","NA","NA","NA","NA"
"2020-03-11","Rheinland-Pfalz",25,0,"NA","NA","NA","NA","NA","NA"
"2020-03-11","Saarland",14,0,"NA","NA","NA","NA","NA","NA"
"2020-03-11","Sachsen",26,0,"NA","NA","NA","NA","NA","NA"
"2020-03-11","Sachsen-Anhalt",15,0,"NA","NA","NA","NA","NA","NA"
"2020-03-11","Schleswig-Holstein",27,0,"NA","NA","NA","NA","NA","NA"
"2020-03-11","Thuringen",10,0,"NA","NA","NA","NA","NA","NA"
"2020-03-12","Baden-Wurttemberg",454,1,"NA","NA","NA","NA","NA","NA"
"2020-03-12","Bayern",500,1,"NA","NA","NA","NA","NA","NA"
"2020-03-12","Berlin",137,0,"NA","NA","NA","NA","NA","NA"
"2020-03-12","Brandenburg",30,0,"NA","NA","NA","NA","NA","NA"
"2020-03-12","Bremen",38,0,"NA","NA","NA","NA","NA","NA"
"2020-03-12","Hamburg",88,0,"NA","NA","NA","NA","NA","NA"
"2020-03-12","Hessen",99,0,"NA","NA","NA","NA","NA","NA"
"2020-03-12","Mecklenburg-Vorpommern",23,0,"NA","NA","NA","NA","NA","NA"
"2020-03-12","Niedersachsen",129,0,"NA","NA","NA","NA","NA","NA"
"2020-03-12","Nordrhein-Westfalen",688,3,"NA","NA","NA","NA","NA","NA"
"2020-03-12","Rheinland-Pfalz",52,0,"NA","NA","NA","NA","NA","NA"
"2020-03-12","Saarland",14,0,"NA","NA","NA","NA","NA","NA"
"2020-03-12","Sachsen",45,0,"NA","NA","NA","NA","NA","NA"
"2020-03-12","Sachsen-Anhalt",27,0,"NA","NA","NA","NA","NA","NA"
"2020-03-12","Schleswig-Holstein",31,0,"NA","NA","NA","NA","NA","NA"
"2020-03-12","Thuringen",14,0,"NA","NA","NA","NA","NA","NA"
"2020-03-13","Baden-Wurttemberg",454,1,"NA","NA","NA","NA","NA","NA"
"2020-03-13","Bayern",558,1,"NA","NA","NA","NA","NA","NA"
"2020-03-13","Berlin",174,0,"NA","NA","NA","NA","NA","NA"
"2020-03-13","Brandenburg",44,0,"NA","NA","NA","NA","NA","NA"
"2020-03-13","Bremen",42,0,"NA","NA","NA","NA","NA","NA"
"2020-03-13","Hamburg",99,0,"NA","NA","NA","NA","NA","NA"
"2020-03-13","Hessen",148,0,"NA","NA","NA","NA","NA","NA"
"2020-03-13","Mecklenburg-Vorpommern",33,0,"NA","NA","NA","NA","NA","NA"
"2020-03-13","Niedersachsen",230,0,"NA","NA","NA","NA","NA","NA"
"2020-03-13","Nordrhein-Westfalen",936,3,"NA","NA","NA","NA","NA","NA"
"2020-03-13","Rheinland-Pfalz",102,0,"NA","NA","NA","NA","NA","NA"
"2020-03-13","Saarland",40,0,"NA","NA","NA","NA","NA","NA"
"2020-03-13","Sachsen",83,0,"NA","NA","NA","NA","NA","NA"
"2020-03-13","Sachsen-Anhalt",42,0,"NA","NA","NA","NA","NA","NA"
"2020-03-13","Schleswig-Holstein",48,0,"NA","NA","NA","NA","NA","NA"
"2020-03-13","Thuringen",29,0,"NA","NA","NA","NA","NA","NA"
"2020-03-14","Baden-Wurttemberg",569,2,"NA","NA","NA","NA","NA","NA"
"2020-03-14","Bayern",681,1,"NA","NA","NA","NA","NA","NA"
"2020-03-14","Berlin",216,0,"NA","NA","NA","NA","NA","NA"
"2020-03-14","Brandenburg",61,0,"NA","NA","NA","NA","NA","NA"
"2020-03-14","Bremen",50,0,"NA","NA","NA","NA","NA","NA"
"2020-03-14","Hamburg",158,0,"NA","NA","NA","NA","NA","NA"
"2020-03-14","Hessen",203,0,"NA","NA","NA","NA","NA","NA"
"2020-03-14","Mecklenburg-Vorpommern",45,0,"NA","NA","NA","NA","NA","NA"
"2020-03-14","Niedersachsen",253,0,"NA","NA","NA","NA","NA","NA"
"2020-03-14","Nordrhein-Westfalen",1154,5,"NA","NA","NA","NA","NA","NA"
"2020-03-14","Rheinland-Pfalz",121,0,"NA","NA","NA","NA","NA","NA"
"2020-03-14","Saarland",40,0,"NA","NA","NA","NA","NA","NA"
"2020-03-14","Sachsen",93,0,"NA","NA","NA","NA","NA","NA"
"2020-03-14","Sachsen-Anhalt",45,0,"NA","NA","NA","NA","NA","NA"
"2020-03-14","Schleswig-Holstein",60,0,"NA","NA","NA","NA","NA","NA"
"2020-03-14","Thuringen",46,0,"NA","NA","NA","NA","NA","NA"
"2020-03-15","Baden-Wurttemberg",827,3,"NA","NA","NA","NA","NA","NA"
"2020-03-15","Bayern",886,4,"NA","NA","NA","NA","NA","NA"
"2020-03-15","Berlin",265,0,"NA","NA","NA","NA","NA","NA"
"2020-03-15","Brandenburg",84,0,"NA","NA","NA","NA","NA","NA"
"2020-03-15","Bremen",53,0,"NA","NA","NA","NA","NA","NA"
"2020-03-15","Hamburg",162,0,"NA","NA","NA","NA","NA","NA"
"2020-03-15","Hessen",286,0,"NA","NA","NA","NA","NA","NA"
"2020-03-15","Mecklenburg-Vorpommern",50,0,"NA","NA","NA","NA","NA","NA"
"2020-03-15","Niedersachsen",287,0,"NA","NA","NA","NA","NA","NA"
"2020-03-15","Nordrhein-Westfalen",1407,5,"NA","NA","NA","NA","NA","NA"
"2020-03-15","Rheinland-Pfalz",168,0,"NA","NA","NA","NA","NA","NA"
"2020-03-15","Saarland",40,0,"NA","NA","NA","NA","NA","NA"
"2020-03-15","Sachsen",130,0,"NA","NA","NA","NA","NA","NA"
"2020-03-15","Sachsen-Anhalt",47,0,"NA","NA","NA","NA","NA","NA"
"2020-03-15","Schleswig-Holstein",103,0,"NA","NA","NA","NA","NA","NA"
"2020-03-15","Thuringen",51,0,"NA","NA","NA","NA","NA","NA"
"2020-03-16","Baden-Wurttemberg",1105,3,"NA","NA","NA","NA","NA","NA"
"2020-03-16","Bayern",1067,5,"NA","NA","NA","NA","NA","NA"
"2020-03-16","Berlin",300,0,"NA","NA","NA","NA","NA","NA"
"2020-03-16","Brandenburg",94,0,"NA","NA","NA","NA","NA","NA"
"2020-03-16","Bremen",56,0,"NA","NA","NA","NA","NA","NA"
"2020-03-16","Hamburg",260,0,"NA","NA","NA","NA","NA","NA"
"2020-03-16","Hessen",342,0,"NA","NA","NA","NA","NA","NA"
"2020-03-16","Mecklenburg-Vorpommern",51,0,"NA","NA","NA","NA","NA","NA"
"2020-03-16","Niedersachsen",391,0,"NA","NA","NA","NA","NA","NA"
"2020-03-16","Nordrhein-Westfalen",1541,5,"NA","NA","NA","NA","NA","NA"
"2020-03-16","Rheinland-Pfalz",325,0,"NA","NA","NA","NA","NA","NA"
"2020-03-16","Saarland",85,0,"NA","NA","NA","NA","NA","NA"
"2020-03-16","Sachsen",140,0,"NA","NA","NA","NA","NA","NA"
"2020-03-16","Sachsen-Anhalt",77,0,"NA","NA","NA","NA","NA","NA"
"2020-03-16","Schleswig-Holstein",123,0,"NA","NA","NA","NA","NA","NA"
"2020-03-16","Thuringen",55,0,"NA","NA","NA","NA","NA","NA"
"2020-03-17","Baden-Wurttemberg",1609,3,"NA","NA","NA","NA","NA","NA"
"2020-03-17","Bayern",1243,5,"NA","NA","NA","NA","NA","NA"
"2020-03-17","Berlin",391,0,"NA","NA","NA","NA","NA","NA"
"2020-03-17","Brandenburg",94,0,"NA","NA","NA","NA","NA","NA"
"2020-03-17","Bremen",69,0,"NA","NA","NA","NA","NA","NA"
"2020-03-17","Hamburg",358,0,"NA","NA","NA","NA","NA","NA"
"2020-03-17","Hessen",432,0,"NA","NA","NA","NA","NA","NA"
"2020-03-17","Mecklenburg-Vorpommern",56,0,"NA","NA","NA","NA","NA","NA"
"2020-03-17","Niedersachsen",478,0,"NA","NA","NA","NA","NA","NA"
"2020-03-17","Nordrhein-Westfalen",2372,6,"NA","NA","NA","NA","NA","NA"
"2020-03-17","Rheinland-Pfalz",474,0,"NA","NA","NA","NA","NA","NA"
"2020-03-17","Saarland",88,0,"NA","NA","NA","NA","NA","NA"
"2020-03-17","Sachsen",198,0,"NA","NA","NA","NA","NA","NA"
"2020-03-17","Sachsen-Anhalt",105,0,"NA","NA","NA","NA","NA","NA"
"2020-03-17","Schleswig-Holstein",159,0,"NA","NA","NA","NA","NA","NA"
"2020-03-17","Thuringen",74,0,"NA","NA","NA","NA","NA","NA"
"2020-03-18","Baden-Wurttemberg",2155,3,"NA","NA","NA","NA","NA","NA"
"2020-03-18","Bayern",1692,5,"NA","NA","NA","NA","NA","NA"
"2020-03-18","Berlin",573,0,"NA","NA","NA","NA","NA","NA"
"2020-03-18","Brandenburg",134,0,"NA","NA","NA","NA","NA","NA"
"2020-03-18","Bremen",80,0,"NA","NA","NA","NA","NA","NA"
"2020-03-18","Hamburg",432,0,"NA","NA","NA","NA","NA","NA"
"2020-03-18","Hessen",682,0,"NA","NA","NA","NA","NA","NA"
"2020-03-18","Mecklenburg-Vorpommern",98,0,"NA","NA","NA","NA","NA","NA"
"2020-03-18","Niedersachsen",669,0,"NA","NA","NA","NA","NA","NA"
"2020-03-18","Nordrhein-Westfalen",3033,6,"NA","NA","NA","NA","NA","NA"
"2020-03-18","Rheinland-Pfalz",637,0,"NA","NA","NA","NA","NA","NA"
"2020-03-18","Saarland",99,0,"NA","NA","NA","NA","NA","NA"
"2020-03-18","Sachsen",275,0,"NA","NA","NA","NA","NA","NA"
"2020-03-18","Sachsen-Anhalt",140,0,"NA","NA","NA","NA","NA","NA"
"2020-03-18","Schleswig-Holstein",202,0,"NA","NA","NA","NA","NA","NA"
"2020-03-18","Thuringen",98,0,"NA","NA","NA","NA","NA","NA"
"2020-03-19","Baden-Wurttemberg",2746,10,"NA","NA","NA","NA","NA","NA"
"2020-03-19","Bayern",2401,12,"NA","NA","NA","NA","NA","NA"
"2020-03-19","Berlin",731,0,"NA","NA","NA","NA","NA","NA"
"2020-03-19","Brandenburg",192,0,"NA","NA","NA","NA","NA","NA"
"2020-03-19","Bremen",121,0,"NA","NA","NA","NA","NA","NA"
"2020-03-19","Hamburg",586,0,"NA","NA","NA","NA","NA","NA"
"2020-03-19","Hessen",813,1,"NA","NA","NA","NA","NA","NA"
"2020-03-19","Mecklenburg-Vorpommern",131,0,"NA","NA","NA","NA","NA","NA"
"2020-03-19","Niedersachsen",803,0,"NA","NA","NA","NA","NA","NA"
"2020-03-19","Nordrhein-Westfalen",3497,6,"NA","NA","NA","NA","NA","NA"
"2020-03-19","Rheinland-Pfalz",801,1,"NA","NA","NA","NA","NA","NA"
"2020-03-19","Saarland",146,0,"NA","NA","NA","NA","NA","NA"
"2020-03-19","Sachsen",394,0,"NA","NA","NA","NA","NA","NA"
"2020-03-19","Sachsen-Anhalt",180,0,"NA","NA","NA","NA","NA","NA"
"2020-03-19","Schleswig-Holstein",266,1,"NA","NA","NA","NA","NA","NA"
"2020-03-19","Thuringen",149,0,"NA","NA","NA","NA","NA","NA"
"2020-03-20","Baden-Wurttemberg",3668,16,"NA","NA","NA","NA","NA","NA"
"2020-03-20","Bayern",2960,19,"NA","NA","NA","NA","NA","NA"
"2020-03-20","Berlin",866,1,"NA","NA","NA","NA","NA","NA"
"2020-03-20","Brandenburg",254,0,"NA","NA","NA","NA","NA","NA"
"2020-03-20","Bremen",142,0,"NA","NA","NA","NA","NA","NA"
"2020-03-20","Hamburg",587,0,"NA","NA","NA","NA","NA","NA"
"2020-03-20","Hessen",1080,2,"NA","NA","NA","NA","NA","NA"
"2020-03-20","Mecklenburg-Vorpommern",165,0,"NA","NA","NA","NA","NA","NA"
"2020-03-20","Niedersachsen",1023,0,"NA","NA","NA","NA","NA","NA"
"2020-03-20","Nordrhein-Westfalen",3542,6,"NA","NA","NA","NA","NA","NA"
"2020-03-20","Rheinland-Pfalz",938,1,"NA","NA","NA","NA","NA","NA"
"2020-03-20","Saarland",187,0,"NA","NA","NA","NA","NA","NA"
"2020-03-20","Sachsen",567,0,"NA","NA","NA","NA","NA","NA"
"2020-03-20","Sachsen-Anhalt",188,1,"NA","NA","NA","NA","NA","NA"
"2020-03-20","Schleswig-Holstein",308,1,"NA","NA","NA","NA","NA","NA"
"2020-03-20","Thuringen",187,0,"NA","NA","NA","NA","NA","NA"
"2020-03-21","Baden-Wurttemberg",3807,21,"NA","NA","NA","NA","NA","NA"
"2020-03-21","Bayern",3650,21,"NA","NA","NA","NA","NA","NA"
"2020-03-21","Berlin",1024,1,"NA","NA","NA","NA","NA","NA"
"2020-03-21","Brandenburg",274,0,"NA","NA","NA","NA","NA","NA"
"2020-03-21","Bremen",165,0,"NA","NA","NA","NA","NA","NA"
"2020-03-21","Hamburg",872,0,"NA","NA","NA","NA","NA","NA"
"2020-03-21","Hessen",1175,2,"NA","NA","NA","NA","NA","NA"
"2020-03-21","Mecklenburg-Vorpommern",172,0,"NA","NA","NA","NA","NA","NA"
"2020-03-21","Niedersachsen",1306,1,"NA","NA","NA","NA","NA","NA"
"2020-03-21","Nordrhein-Westfalen",3545,6,"NA","NA","NA","NA","NA","NA"
"2020-03-21","Rheinland-Pfalz",1053,2,"NA","NA","NA","NA","NA","NA"
"2020-03-21","Saarland",187,0,"NA","NA","NA","NA","NA","NA"
"2020-03-21","Sachsen",606,0,"NA","NA","NA","NA","NA","NA"
"2020-03-21","Sachsen-Anhalt",211,0,"NA","NA","NA","NA","NA","NA"
"2020-03-21","Schleswig-Holstein",347,1,"NA","NA","NA","NA","NA","NA"
"2020-03-21","Thuringen",216,0,"NA","NA","NA","NA","NA","NA"
"2020-03-22","Baden-Wurttemberg",3811,21,"NA","NA","NA","NA","NA","NA"
"2020-03-22","Bayern",4892,26,"NA","NA","NA","NA","NA","NA"
"2020-03-22","Berlin",1077,1,"NA","NA","NA","NA","NA","NA"
"2020-03-22","Brandenburg",288,0,"NA","NA","NA","NA","NA","NA"
"2020-03-22","Bremen",170,0,"NA","NA","NA","NA","NA","NA"
"2020-03-22","Hamburg",943,0,"NA","NA","NA","NA","NA","NA"
"2020-03-22","Hessen",1347,3,"NA","NA","NA","NA","NA","NA"
"2020-03-22","Mecklenburg-Vorpommern",172,0,"NA","NA","NA","NA","NA","NA"
"2020-03-22","Niedersachsen",1483,4,"NA","NA","NA","NA","NA","NA"
"2020-03-22","Nordrhein-Westfalen",5615,28,"NA","NA","NA","NA","NA","NA"
"2020-03-22","Rheinland-Pfalz",1177,2,"NA","NA","NA","NA","NA","NA"
"2020-03-22","Saarland",200,0,"NA","NA","NA","NA","NA","NA"
"2020-03-22","Sachsen",653,0,"NA","NA","NA","NA","NA","NA"
"2020-03-22","Sachsen-Anhalt",212,0,"NA","NA","NA","NA","NA","NA"
"2020-03-22","Schleswig-Holstein",383,1,"NA","NA","NA","NA","NA","NA"
"2020-03-22","Thuringen",249,0,"NA","NA","NA","NA","NA","NA"
"2020-03-23","Baden-Wurttemberg",5348,30,"NA","NA","NA","NA","NA","NA"
"2020-03-23","Bayern",5754,30,"NA","NA","NA","NA","NA","NA"
"2020-03-23","Berlin",1220,1,"NA","NA","NA","NA","NA","NA"
"2020-03-23","Brandenburg",343,0,"NA","NA","NA","NA","NA","NA"
"2020-03-23","Bremen",183,0,"NA","NA","NA","NA","NA","NA"
"2020-03-23","Hamburg",1043,0,"NA","NA","NA","NA","NA","NA"
"2020-03-23","Hessen",1620,4,"NA","NA","NA","NA","NA","NA"
"2020-03-23","Mecklenburg-Vorpommern",199,0,"NA","NA","NA","NA","NA","NA"
"2020-03-23","Niedersachsen",1764,6,"NA","NA","NA","NA","NA","NA"
"2020-03-23","Nordrhein-Westfalen",6318,33,"NA","NA","NA","NA","NA","NA"
"2020-03-23","Rheinland-Pfalz",1370,5,"NA","NA","NA","NA","NA","NA"
"2020-03-23","Saarland",337,1,"NA","NA","NA","NA","NA","NA"
"2020-03-23","Sachsen",811,1,"NA","NA","NA","NA","NA","NA"
"2020-03-23","Sachsen-Anhalt",321,0,"NA","NA","NA","NA","NA","NA"
"2020-03-23","Schleswig-Holstein",478,2,"NA","NA","NA","NA","NA","NA"
"2020-03-23","Thuringen",327,1,"NA","NA","NA","NA","NA","NA"
"2020-03-24","Baden-Wurttemberg",6069,37,"NA","NA","NA","NA","NA","NA"
"2020-03-24","Bayern",6558,37,"NA","NA","NA","NA","NA","NA"
"2020-03-24","Berlin",1428,1,"NA","NA","NA","NA","NA","NA"
"2020-03-24","Brandenburg",429,0,"NA","NA","NA","NA","NA","NA"
"2020-03-24","Bremen",200,0,"NA","NA","NA","NA","NA","NA"
"2020-03-24","Hamburg",1262,0,"NA","NA","NA","NA","NA","NA"
"2020-03-24","Hessen",1754,4,"NA","NA","NA","NA","NA","NA"
"2020-03-24","Mecklenburg-Vorpommern",218,0,"NA","NA","NA","NA","NA","NA"
"2020-03-24","Niedersachsen",2140,7,"NA","NA","NA","NA","NA","NA"
"2020-03-24","Nordrhein-Westfalen",7197,43,"NA","NA","NA","NA","NA","NA"
"2020-03-24","Rheinland-Pfalz",1591,5,"NA","NA","NA","NA","NA","NA"
"2020-03-24","Saarland",403,2,"NA","NA","NA","NA","NA","NA"
"2020-03-24","Sachsen",959,6,"NA","NA","NA","NA","NA","NA"
"2020-03-24","Sachsen-Anhalt",375,1,"NA","NA","NA","NA","NA","NA"
"2020-03-24","Schleswig-Holstein",577,3,"NA","NA","NA","NA","NA","NA"
"2020-03-24","Thuringen",394,1,"NA","NA","NA","NA","NA","NA"
"2020-03-25","Baden-Wurttemberg",7283,56,"NA","NA","NA","NA","NA","NA"
"2020-03-25","Bayern",7993,47,"NA","NA","NA","NA","NA","NA"
"2020-03-25","Berlin",1656,4,"NA","NA","NA","NA","NA","NA"
"2020-03-25","Brandenburg",477,1,"NA","NA","NA","NA","NA","NA"
"2020-03-25","Bremen",211,1,"NA","NA","NA","NA","NA","NA"
"2020-03-25","Hamburg",1265,0,"NA","NA","NA","NA","NA","NA"
"2020-03-25","Hessen",2157,6,"NA","NA","NA","NA","NA","NA"
"2020-03-25","Mecklenburg-Vorpommern",244,0,"NA","NA","NA","NA","NA","NA"
"2020-03-25","Niedersachsen",2347,8,"NA","NA","NA","NA","NA","NA"
"2020-03-25","Nordrhein-Westfalen",7924,53,"NA","NA","NA","NA","NA","NA"
"2020-03-25","Rheinland-Pfalz",1816,6,"NA","NA","NA","NA","NA","NA"
"2020-03-25","Saarland",433,2,"NA","NA","NA","NA","NA","NA"
"2020-03-25","Sachsen",1141,7,"NA","NA","NA","NA","NA","NA"
"2020-03-25","Sachsen-Anhalt",418,1,"NA","NA","NA","NA","NA","NA"
"2020-03-25","Schleswig-Holstein",675,3,"NA","NA","NA","NA","NA","NA"
"2020-03-25","Thuringen",468,3,"NA","NA","NA","NA","NA","NA"
"2020-03-26","Baden-Wurttemberg",8161,70,"NA","NA","NA","NA","NA","NA"
"2020-03-26","Bayern",9481,55,"NA","NA","NA","NA","NA","NA"
"2020-03-26","Berlin",1955,8,"NA","NA","NA","NA","NA","NA"
"2020-03-26","Brandenburg",537,1,"NA","NA","NA","NA","NA","NA"
"2020-03-26","Bremen",241,1,"NA","NA","NA","NA","NA","NA"
"2020-03-26","Hamburg",1693,2,"NA","NA","NA","NA","NA","NA"
"2020-03-26","Hessen",2323,7,"NA","NA","NA","NA","NA","NA"
"2020-03-26","Mecklenburg-Vorpommern",259,0,"NA","NA","NA","NA","NA","NA"
"2020-03-26","Niedersachsen",2810,10,"NA","NA","NA","NA","NA","NA"
"2020-03-26","Nordrhein-Westfalen",9235,72,"NA","NA","NA","NA","NA","NA"
"2020-03-26","Rheinland-Pfalz",1971,8,"NA","NA","NA","NA","NA","NA"
"2020-03-26","Saarland",505,2,"NA","NA","NA","NA","NA","NA"
"2020-03-26","Sachsen",1305,7,"NA","NA","NA","NA","NA","NA"
"2020-03-26","Sachsen-Anhalt",458,2,"NA","NA","NA","NA","NA","NA"
"2020-03-26","Schleswig-Holstein",812,4,"NA","NA","NA","NA","NA","NA"
"2020-03-26","Thuringen",542,4,"NA","NA","NA","NA","NA","NA"
"2020-03-27","Baden-Wurttemberg",9781,101,"NA","NA","NA","NA","NA","NA"
"2020-03-27","Bayern",11150,77,"NA","NA","NA","NA","NA","NA"
"2020-03-27","Berlin",2161,8,"NA","NA","NA","NA","NA","NA"
"2020-03-27","Brandenburg",645,1,"NA","NA","NA","NA","NA","NA"
"2020-03-27","Bremen",260,2,"NA","NA","NA","NA","NA","NA"
"2020-03-27","Hamburg",1765,2,"NA","NA","NA","NA","NA","NA"
"2020-03-27","Hessen",2604,9,"NA","NA","NA","NA","NA","NA"
"2020-03-27","Mecklenburg-Vorpommern",308,0,"NA","NA","NA","NA","NA","NA"
"2020-03-27","Niedersachsen",3150,12,"NA","NA","NA","NA","NA","NA"
"2020-03-27","Nordrhein-Westfalen",10607,80,"NA","NA","NA","NA","NA","NA"
"2020-03-27","Rheinland-Pfalz",2212,11,"NA","NA","NA","NA","NA","NA"
"2020-03-27","Saarland",550,2,"NA","NA","NA","NA","NA","NA"
"2020-03-27","Sachsen",1432,9,"NA","NA","NA","NA","NA","NA"
"2020-03-27","Sachsen-Anhalt",458,2,"NA","NA","NA","NA","NA","NA"
"2020-03-27","Schleswig-Holstein",915,4,"NA","NA","NA","NA","NA","NA"
"2020-03-27","Thuringen",584,5,"NA","NA","NA","NA","NA","NA"
"2020-03-28","Baden-Wurttemberg",9794,101,"NA","NA","NA","NA","NA","NA"
"2020-03-28","Bayern",12881,107,"NA","NA","NA","NA","NA","NA"
"2020-03-28","Berlin",2360,9,"NA","NA","NA","NA","NA","NA"
"2020-03-28","Brandenburg",721,1,"NA","NA","NA","NA","NA","NA"
"2020-03-28","Bremen",275,2,"NA","NA","NA","NA","NA","NA"
"2020-03-28","Hamburg",1846,4,"NA","NA","NA","NA","NA","NA"
"2020-03-28","Hessen",2605,9,"NA","NA","NA","NA","NA","NA"
"2020-03-28","Mecklenburg-Vorpommern",348,1,"NA","NA","NA","NA","NA","NA"
"2020-03-28","Niedersachsen",3450,21,"NA","NA","NA","NA","NA","NA"
"2020-03-28","Nordrhein-Westfalen",11400,98,"NA","NA","NA","NA","NA","NA"
"2020-03-28","Rheinland-Pfalz",2396,12,"NA","NA","NA","NA","NA","NA"
"2020-03-28","Saarland",560,2,"NA","NA","NA","NA","NA","NA"
"2020-03-28","Sachsen",1617,9,"NA","NA","NA","NA","NA","NA"
"2020-03-28","Sachsen-Anhalt",592,2,"NA","NA","NA","NA","NA","NA"
"2020-03-28","Schleswig-Holstein",1005,6,"NA","NA","NA","NA","NA","NA"
"2020-03-28","Thuringen",697,5,"NA","NA","NA","NA","NA","NA"
"2020-03-29","Baden-Wurttemberg",10943,119,"NA","NA","NA","NA","NA","NA"
"2020-03-29","Bayern",13989,127,"NA","NA","NA","NA","NA","NA"
"2020-03-29","Berlin",2464,11,"NA","NA","NA","NA","NA","NA"
"2020-03-29","Brandenburg",761,2,"NA","NA","NA","NA","NA","NA"
"2020-03-29","Bremen",286,2,"NA","NA","NA","NA","NA","NA"
"2020-03-29","Hamburg",2053,5,"NA","NA","NA","NA","NA","NA"
"2020-03-29","Hessen",3091,13,"NA","NA","NA","NA","NA","NA"
"2020-03-29","Mecklenburg-Vorpommern",356,1,"NA","NA","NA","NA","NA","NA"
"2020-03-29","Niedersachsen",3732,26,"NA","NA","NA","NA","NA","NA"
"2020-03-29","Nordrhein-Westfalen",12178,101,"NA","NA","NA","NA","NA","NA"
"2020-03-29","Rheinland-Pfalz",2584,18,"NA","NA","NA","NA","NA","NA"
"2020-03-29","Saarland",706,7,"NA","NA","NA","NA","NA","NA"
"2020-03-29","Sachsen",1795,9,"NA","NA","NA","NA","NA","NA"
"2020-03-29","Sachsen-Anhalt",592,2,"NA","NA","NA","NA","NA","NA"
"2020-03-29","Schleswig-Holstein",1049,7,"NA","NA","NA","NA","NA","NA"
"2020-03-29","Thuringen",719,5,"NA","NA","NA","NA","NA","NA"
"2020-03-03","FreiburgBrHS",5,0,3,"NA","NA","NA","NA","NA"
"2020-03-04","FreiburgBrHS",5,0,3,"NA","NA","NA","NA","NA"
"2020-03-05","FreiburgBrHS",6,0,4,"NA","NA","NA","NA","NA"
"2020-03-06","FreiburgBrHS",6,0,5,"NA","NA","NA","NA","NA"
"2020-03-07","FreiburgBrHS",9,0,5,"NA","NA","NA","NA","NA"
"2020-03-08","FreiburgBrHS",9,0,7,"NA","NA","NA","NA","NA"
"2020-03-09","FreiburgBrHS",9,0,7,"NA","NA","NA","NA","NA"
"2020-03-10","FreiburgBrHS",17,0,7,"NA","NA","NA","NA","NA"
"2020-03-11","FreiburgBrHS",33,0,8,"NA","NA","NA","NA","NA"
"2020-03-12","FreiburgBrHS",34,0,8,"NA","NA","NA","NA","NA"
"2020-03-13","FreiburgBrHS",34,0,9,"NA","NA","NA","NA","NA"
"2020-03-14","FreiburgBrHS",34,0,11,"NA","NA","NA","NA","NA"
"2020-03-15","FreiburgBrHS",97,0,13,"NA","NA","NA","NA","NA"
"2020-03-16","FreiburgBrHS",115,0,16,"NA","NA","NA","NA","NA"
"2020-03-17","FreiburgBrHS",128,0,20,17,3,15,12,3
"2020-03-18","FreiburgBrHS",175,0,24,21,3,17,14,3
"2020-03-19","FreiburgBrHS",247,1,29,25,4,21,17,4
"2020-03-20","FreiburgBrHS",303,2,30,25,7,21,14,7
"2020-03-21","FreiburgBrHS",368,3,39,30,10,30,18,10
"2020-03-22","FreiburgBrHS",368,3,39,30,10,30,18,10
"2020-03-23","FreiburgBrHS",425,4,44,34,12,35,25,12
"2020-03-24","FreiburgBrHS",429,5,58,42,16,40,25,15
"2020-03-25","FreiburgBrHS",483,8,63,46,17,41,26,15
"2020-03-26","FreiburgBrHS",551,9,77,58,17,54,36,18
"2020-03-27","FreiburgBrHS",613,9,92,63,29,68,43,25
"2020-03-28","FreiburgBrHS",613,9,92,63,29,68,43,25
"2020-03-29","FreiburgBrHS",613,9,92,63,29,68,43,25
"2020-03-30","FreiburgBrHS",841,11,98,67,31,68,43,25
"2020-03-31","FreiburgBrHS",910,11,98,67,31,72,46,26
"2020-04-01","FreiburgBrHS",1009,11,98,67,31,72,49,29
"2020-04-02","FreiburgBrHS",1128,15,98,67,31,72,49,29
"2020-04-03","FreiburgBrHS",1222,"NA","NA","NA","NA","NA","NA","NA"
"2020-04-04","FreiburgBrHS",1282,"NA","NA","NA","NA","NA","NA","NA"
"2020-04-05","FreiburgBrHS",1342,"NA","NA","NA","NA","NA","NA","NA"
"2020-04-06","FreiburgBrHS",1398,"NA","NA","NA","NA","NA","NA","NA"
"2020-04-07","FreiburgBrHS",1412,"NA","NA","NA","NA","NA","NA","NA"
"2020-04-08","FreiburgBrHS",1473,"NA","NA","NA","NA","NA","NA","NA"
"2020-04-09","FreiburgBrHS",1569,"NA","NA","NA","NA","NA","NA","NA"
"2020-04-10","FreiburgBrHS",1606,"NA","NA","NA","NA","NA","NA","NA"
"2020-04-11","FreiburgBrHS",1643,"NA","NA","NA","NA","NA","NA","NA"
"2020-04-12","FreiburgBrHS",1680,"NA","NA","NA","NA","NA","NA","NA"
"2020-04-13","FreiburgBrHS",1717,"NA","NA","NA","NA","NA","NA","NA"
"2020-04-14","FreiburgBrHS",1753,27,"NA","NA","NA","NA","NA","NA"
,"FreiburgBrHS",1773,"NA","NA","NA","NA","NA","NA","NA"
"2020-03-30","Baden-Wurttemberg",12334,165,"NA","NA","NA","NA","NA","NA"
"2020-03-30","Bayern",14810,162,"NA","NA","NA","NA","NA","NA"
"2020-03-30","Berlin",2575,13,"NA","NA","NA","NA","NA","NA"
"2020-03-30","Brandenburg",798,2,"NA","NA","NA","NA","NA","NA"
"2020-03-30","Bremen",294,4,"NA","NA","NA","NA","NA","NA"
"2020-03-30","Hamburg",2191,9,"NA","NA","NA","NA","NA","NA"
"2020-03-30","Hessen",3283,17,"NA","NA","NA","NA","NA","NA"
"2020-03-30","Mecklenburg-Vorpommern",366,1,"NA","NA","NA","NA","NA","NA"
"2020-03-30","Niedersachsen",4063,34,"NA","NA","NA","NA","NA","NA"
"2020-03-30","Nordrhein-Westfalen",13225,117,"NA","NA","NA","NA","NA","NA"
"2020-03-30","Rheinland-Pfalz",2726,19,"NA","NA","NA","NA","NA","NA"
"2020-03-30","Saarland",782,7,"NA","NA","NA","NA","NA","NA"
"2020-03-30","Sachsen",1882,12,"NA","NA","NA","NA","NA","NA"
"2020-03-30","Sachsen-Anhalt",680,6,"NA","NA","NA","NA","NA","NA"
"2020-03-30","Schleswig-Holstein",1120,9,"NA","NA","NA","NA","NA","NA"
"2020-03-30","Thuringen",784,6,"NA","NA","NA","NA","NA","NA"
"2020-04-01","Baden-Wurttemberg",13410,197,"NA","NA","NA","NA","NA","NA"
"2020-04-01","Bayern",16497,225,"NA","NA","NA","NA","NA","NA"
"2020-04-01","Berlin",2754,16,"NA","NA","NA","NA","NA","NA"
"2020-04-01","Brandenburg",811,4,"NA","NA","NA","NA","NA","NA"
"2020-04-01","Bremen",311,5,"NA","NA","NA","NA","NA","NA"
"2020-04-01","Hamburg",2311,14,"NA","NA","NA","NA","NA","NA"
"2020-04-01","Hessen",3445,21,"NA","NA","NA","NA","NA","NA"
"2020-04-01","Mecklenburg-Vorpommern",406,3,"NA","NA","NA","NA","NA","NA"
"2020-04-01","Niedersachsen",4382,42,"NA","NA","NA","NA","NA","NA"
"2020-04-01","Nordrhein-Westfalen",14351,134,"NA","NA","NA","NA","NA","NA"
"2020-04-01","Rheinland-Pfalz",288,23,"NA","NA","NA","NA","NA","NA"
"2020-04-01","Saarland",829,8,"NA","NA","NA","NA","NA","NA"
"2020-04-01","Sachsen",2034,17,"NA","NA","NA","NA","NA","NA"
"2020-04-01","Sachsen-Anhalt",750,7,"NA","NA","NA","NA","NA","NA"
"2020-04-01","Schleswig-Holstein",1246,10,"NA","NA","NA","NA","NA","NA"
"2020-04-01","Thuringen",860,6,"NA","NA","NA","NA","NA","NA"
"2020-04-01","Baden-Wurttemberg",13410,197,"NA","NA","NA","NA","NA","NA"
"2020-04-01","Bayern",16497,225,"NA","NA","NA","NA","NA","NA"
"2020-04-01","Berlin",2754,16,"NA","NA","NA","NA","NA","NA"
"2020-04-01","Brandenburg",811,4,"NA","NA","NA","NA","NA","NA"
"2020-04-01","Bremen",311,5,"NA","NA","NA","NA","NA","NA"
"2020-04-01","Hamburg",2311,14,"NA","NA","NA","NA","NA","NA"
"2020-04-01","Hessen",3445,21,"NA","NA","NA","NA","NA","NA"
"2020-04-01","Mecklenburg-Vorpommern",406,3,"NA","NA","NA","NA","NA","NA"
"2020-04-01","Niedersachsen",4382,42,"NA","NA","NA","NA","NA","NA"
"2020-04-01","Nordrhein-Westfalen",14351,134,"NA","NA","NA","NA","NA","NA"
"2020-04-01","Rheinland-Pfalz",288,23,"NA","NA","NA","NA","NA","NA"
"2020-04-01","Saarland",829,8,"NA","NA","NA","NA","NA","NA"
"2020-04-01","Sachsen",2034,17,"NA","NA","NA","NA","NA","NA"
"2020-04-01","Sachsen-Anhalt",750,7,"NA","NA","NA","NA","NA","NA"
"2020-04-01","Schleswig-Holstein",1246,10,"NA","NA","NA","NA","NA","NA"
"2020-04-01","Thuringen",860,6,"NA","NA","NA","NA","NA","NA"
"2020-04-02","Baden-Wurttemberg",14662,241,"NA","NA","NA","NA","NA","NA"
"2020-04-02","Bayern",18496,268,"NA","NA","NA","NA","NA","NA"
"2020-04-02","Berlin",2970,19,"NA","NA","NA","NA","NA","NA"
"2020-04-02","Brandenburg",995,7,"NA","NA","NA","NA","NA","NA"
"2020-04-02","Bremen",327,6,"NA","NA","NA","NA","NA","NA"
"2020-04-02","Hamburg",2406,14,"NA","NA","NA","NA","NA","NA"
"2020-04-02","Hessen",3707,27,"NA","NA","NA","NA","NA","NA"
"2020-04-02","Mecklenburg-Vorpommern",438,3,"NA","NA","NA","NA","NA","NA"
"2020-04-02","Niedersachsen",4695,45,"NA","NA","NA","NA","NA","NA"
"2020-04-02","Nordrhein-Westfalen",15427,161,"NA","NA","NA","NA","NA","NA"
"2020-04-02","Rheinland-Pfalz",3132,26,"NA","NA","NA","NA","NA","NA"
"2020-04-02","Saarland",1020,11,"NA","NA","NA","NA","NA","NA"
"2020-04-02","Sachsen",2183,18,"NA","NA","NA","NA","NA","NA"
"2020-04-02","Sachsen-Anhalt",804,8,"NA","NA","NA","NA","NA","NA"
"2020-04-02","Schleswig-Holstein",1335,11,"NA","NA","NA","NA","NA","NA"
"2020-04-02","Thuringen",925,7,"NA","NA","NA","NA","NA","NA"
"2020-04-05","Baden-Wurttemberg",18641,367,"NA","NA","NA","NA","NA","NA"
"2020-04-05","Bayern",23846,369,"NA","NA","NA","NA","NA","NA"
"2020-04-05","Berlin",3613,24,"NA","NA","NA","NA","NA","NA"
"2020-04-05","Brandenburg",1305,17,"NA","NA","NA","NA","NA","NA"
"2020-04-05","Bremen",394,6,"NA","NA","NA","NA","NA","NA"
"2020-04-05","Hamburg",2945,19,"NA","NA","NA","NA","NA","NA"
"2020-04-05","Hessen",4575,56,"NA","NA","NA","NA","NA","NA"
"2020-04-05","Mecklenburg-Vorpommern",523,5,"NA","NA","NA","NA","NA","NA"
"2020-04-05","Niedersachsen",5712,89,"NA","NA","NA","NA","NA","NA"
"2020-04-05","Nordrhein-Westfalen",18735,245,"NA","NA","NA","NA","NA","NA"
"2020-04-05","Rheinland-Pfalz",3663,32,"NA","NA","NA","NA","NA","NA"
"2020-04-05","Saarland",1385,14,"NA","NA","NA","NA","NA","NA"
"2020-04-05","Sachsen",2741,32,"NA","NA","NA","NA","NA","NA"
"2020-04-05","Sachsen-Anhalt",919,12,"NA","NA","NA","NA","NA","NA"
"2020-04-05","Schleswig-Holstein",1631,18,"NA","NA","NA","NA","NA","NA"
"2020-04-05","Thuringen",1140,10,"NA","NA","NA","NA","NA","NA"
"2020-04-06","Baden-Wurttemberg",19395,387,"NA","NA","NA","NA","NA","NA"
"2020-04-06","Bayern",24974,437,"NA","NA","NA","NA","NA","NA"
"2020-04-06","Berlin",3670,26,"NA","NA","NA","NA","NA","NA"
"2020-04-06","Brandenburg",1345,19,"NA","NA","NA","NA","NA","NA"
"2020-04-06","Bremen",397,8,"NA","NA","NA","NA","NA","NA"
"2020-04-06","Hamburg",2993,19,"NA","NA","NA","NA","NA","NA"
"2020-04-06","Hessen",4674,61,"NA","NA","NA","NA","NA","NA"
"2020-04-06","Mecklenburg-Vorpommern",528,6,"NA","NA","NA","NA","NA","NA"
"2020-04-06","Niedersachsen",5960,92,"NA","NA","NA","NA","NA","NA"
"2020-04-06","Nordrhein-Westfalen",19384,255,"NA","NA","NA","NA","NA","NA"
"2020-04-06","Rheinland-Pfalz",3882,32,"NA","NA","NA","NA","NA","NA"
"2020-04-06","Saarland",1483,14,"NA","NA","NA","NA","NA","NA"
"2020-04-06","Sachsen",2903,34,"NA","NA","NA","NA","NA","NA"
"2020-04-06","Sachsen-Anhalt",956,12,"NA","NA","NA","NA","NA","NA"
"2020-04-06","Schleswig-Holstein",1671,20,"NA","NA","NA","NA","NA","NA"
"2020-04-06","Thuringen",1176,12,"NA","NA","NA","NA","NA","NA"
"2020-04-07","Baden-Wurttemberg",20141,433,"NA","NA","NA","NA","NA","NA"
"2020-04-07","Bayern",26163,481,"NA","NA","NA","NA","NA","NA"
"2020-04-07","Berlin",3845,28,"NA","NA","NA","NA","NA","NA"
"2020-04-07","Brandenburg",1384,20,"NA","NA","NA","NA","NA","NA"
"2020-04-07","Bremen",399,9,"NA","NA","NA","NA","NA","NA"
"2020-04-07","Hamburg",3059,20,"NA","NA","NA","NA","NA","NA"
"2020-04-07","Hessen",4837,73,"NA","NA","NA","NA","NA","NA"
"2020-04-07","Mecklenburg-Vorpommern",531,8,"NA","NA","NA","NA","NA","NA"
"2020-04-07","Niedersachsen",6200,111,"NA","NA","NA","NA","NA","NA"
"2020-04-07","Nordrhein-Westfalen",20220,282,"NA","NA","NA","NA","NA","NA"
"2020-04-07","Rheinland-Pfalz",3992,34,"NA","NA","NA","NA","NA","NA"
"2020-04-07","Saarland",1532,16,"NA","NA","NA","NA","NA","NA"
"2020-04-07","Sachsen",2997,38,"NA","NA","NA","NA","NA","NA"
"2020-04-07","Sachsen-Anhalt",987,12,"NA","NA","NA","NA","NA","NA"
"2020-04-07","Schleswig-Holstein",1730,24,"NA","NA","NA","NA","NA","NA"
"2020-04-07","Thuringen",1208,18,"NA","NA","NA","NA","NA","NA"
"2020-04-08","Baden-Wurttemberg",21603,519,"NA","NA","NA","NA","NA","NA"
"2020-04-08","Bayern",28827,635,"NA","NA","NA","NA","NA","NA"
"2020-04-08","Berlin",4202,37,"NA","NA","NA","NA","NA","NA"
"2020-04-08","Brandenburg",1578,30,"NA","NA","NA","NA","NA","NA"
"2020-04-08","Bremen",445,11,"NA","NA","NA","NA","NA","NA"
"2020-04-08","Hamburg",3320,44,"NA","NA","NA","NA","NA","NA"
"2020-04-08","Hessen",5242,100,"NA","NA","NA","NA","NA","NA"
"2020-04-08","Mecklenburg-Vorpommern",572,11,"NA","NA","NA","NA","NA","NA"
"2020-04-08","Niedersachsen",6804,141,"NA","NA","NA","NA","NA","NA"
"2020-04-08","Nordrhein-Westfalen",21961,384,"NA","NA","NA","NA","NA","NA"
"2020-04-08","Rheinland-Pfalz",4336,50,"NA","NA","NA","NA","NA","NA"
"2020-04-08","Saarland",1693,23,"NA","NA","NA","NA","NA","NA"
"2020-04-08","Sachsen",3261,52,"NA","NA","NA","NA","NA","NA"
"2020-04-08","Sachsen-Anhalt",1075,16,"NA","NA","NA","NA","NA","NA"
"2020-04-08","Schleswig-Holstein",1932,34,"NA","NA","NA","NA","NA","NA"
"2020-04-08","Thuringen",1315,20,"NA","NA","NA","NA","NA","NA"
"2020-04-09","Baden-Wurttemberg",22433,570,"NA","NA","NA","NA","NA","NA"
"2020-04-09","Bayern",30363,703,"NA","NA","NA","NA","NA","NA"
"2020-04-09","Berlin",4349,42,"NA","NA","NA","NA","NA","NA"
"2020-04-09","Brandenburg",1691,37,"NA","NA","NA","NA","NA","NA"
"2020-04-09","Bremen",454,13,"NA","NA","NA","NA","NA","NA"
"2020-04-09","Hamburg",3551,53,"NA","NA","NA","NA","NA","NA"
"2020-04-09","Hessen",5694,111,"NA","NA","NA","NA","NA","NA"
"2020-04-09","Mecklenburg-Vorpommern",586,11,"NA","NA","NA","NA","NA","NA"
"2020-04-09","Niedersachsen",7114,161,"NA","NA","NA","NA","NA","NA"
"2020-04-09","Nordrhein-Westfalen",23028,446,"NA","NA","NA","NA","NA","NA"
"2020-04-09","Rheinland-Pfalz",4440,51,"NA","NA","NA","NA","NA","NA"
"2020-04-09","Saarland",1854,36,"NA","NA","NA","NA","NA","NA"
"2020-04-09","Sachsen",3402,59,"NA","NA","NA","NA","NA","NA"
"2020-04-09","Sachsen-Anhalt",1121,18,"NA","NA","NA","NA","NA","NA"
"2020-04-09","Schleswig-Holstein",2029,38,"NA","NA","NA","NA","NA","NA"
"2020-04-09","Thuringen",1416,14,"NA","NA","NA","NA","NA","NA"
"2020-04-10","Baden-Wurttemberg",23617,622,"NA","NA","NA","NA","NA","NA"
"2020-04-10","Bayern",31453,747,"NA","NA","NA","NA","NA","NA"
"2020-04-10","Berlin",4458,46,"NA","NA","NA","NA","NA","NA"
"2020-04-10","Brandenburg",1764,37,"NA","NA","NA","NA","NA","NA"
"2020-04-10","Bremen",469,15,"NA","NA","NA","NA","NA","NA"
"2020-04-10","Hamburg",3663,56,"NA","NA","NA","NA","NA","NA"
"2020-04-10","Hessen",5808,120,"NA","NA","NA","NA","NA","NA"
"2020-04-10","Mecklenburg-Vorpommern",601,11,"NA","NA","NA","NA","NA","NA"
"2020-04-10","Niedersachsen",7343,171,"NA","NA","NA","NA","NA","NA"
"2020-04-10","Nordrhein-Westfalen",23644,472,"NA","NA","NA","NA","NA","NA"
"2020-04-10","Rheinland-Pfalz",4662,59,"NA","NA","NA","NA","NA","NA"
"2020-04-10","Saarland",2016,41,"NA","NA","NA","NA","NA","NA"
"2020-04-10","Sachsen",3565,65,"NA","NA","NA","NA","NA","NA"
"2020-04-10","Sachsen-Anhalt",1135,18,"NA","NA","NA","NA","NA","NA"
"2020-04-10","Schleswig-Holstein",2065,39,"NA","NA","NA","NA","NA","NA"
"2020-04-10","Thuringen",1435,25,"NA","NA","NA","NA","NA","NA"
"2020-04-11","Baden-Wurttemberg",24078,649,"NA","NA","NA","NA","NA","NA"
"2020-04-11","Bayern",32282,786,"NA","NA","NA","NA","NA","NA"
"2020-04-11","Berlin",4567,50,"NA","NA","NA","NA","NA","NA"
"2020-04-11","Brandenburg",1857,38,"NA","NA","NA","NA","NA","NA"
"2020-04-11","Bremen",480,15,"NA","NA","NA","NA","NA","NA"
"2020-04-11","Hamburg",3742,56,"NA","NA","NA","NA","NA","NA"
"2020-04-11","Hessen",5859,123,"NA","NA","NA","NA","NA","NA"
"2020-04-11","Mecklenburg-Vorpommern",605,11,"NA","NA","NA","NA","NA","NA"
"2020-04-11","Niedersachsen",7602,189,"NA","NA","NA","NA","NA","NA"
"2020-04-11","Nordrhein-Westfalen",24267,495,"NA","NA","NA","NA","NA","NA"
"2020-04-11","Rheinland-Pfalz",4734,64,"NA","NA","NA","NA","NA","NA"
"2020-04-11","Saarland",2058,43,"NA","NA","NA","NA","NA","NA"
"2020-04-11","Sachsen",3600,67,"NA","NA","NA","NA","NA","NA"
"2020-04-11","Sachsen-Anhalt",1166,21,"NA","NA","NA","NA","NA","NA"
"2020-04-11","Schleswig-Holstein",2118,41,"NA","NA","NA","NA","NA","NA"
"2020-04-11","Thuringen",1464,25,"NA","NA","NA","NA","NA","NA"
"2020-04-12","Baden-Wurttemberg",24570,677,"NA","NA","NA","NA","NA","NA"
"2020-04-12","Bayern",33015,820,"NA","NA","NA","NA","NA","NA"
"2020-04-12","Berlin",4601,51,"NA","NA","NA","NA","NA","NA"
"2020-04-12","Brandenburg",1880,38,"NA","NA","NA","NA","NA","NA"
"2020-04-12","Bremen",486,17,"NA","NA","NA","NA","NA","NA"
"2020-04-12","Hamburg",3770,56,"NA","NA","NA","NA","NA","NA"
"2020-04-12","Hessen",6114,135,"NA","NA","NA","NA","NA","NA"
"2020-04-12","Mecklenburg-Vorpommern",618,11,"NA","NA","NA","NA","NA","NA"
"2020-04-12","Niedersachsen",7723,201,"NA","NA","NA","NA","NA","NA"
"2020-04-12","Nordrhein-Westfalen",24883,518,"NA","NA","NA","NA","NA","NA"
"2020-04-12","Rheinland-Pfalz",4810,68,"NA","NA","NA","NA","NA","NA"
"2020-04-12","Saarland",2079,44,"NA","NA","NA","NA","NA","NA"
"2020-04-12","Sachsen",3655,68,"NA","NA","NA","NA","NA","NA"
"2020-04-12","Sachsen-Anhalt",1193,24,"NA","NA","NA","NA","NA","NA"
"2020-04-12","Schleswig-Holstein",2134,44,"NA","NA","NA","NA","NA","NA"
"2020-04-12","Thuringen",1485,47,"NA","NA","NA","NA","NA","NA"
"2020-04-13","Baden-Wurttemberg",25040,711,"NA","NA","NA","NA","NA","NA"
"2020-04-13","Bayern",33569,872,"NA","NA","NA","NA","NA","NA"
"2020-04-13","Berlin",4668,56,"NA","NA","NA","NA","NA","NA"
"2020-04-13","Brandenburg",1916,40,"NA","NA","NA","NA","NA","NA"
"2020-04-13","Bremen",492,20,"NA","NA","NA","NA","NA","NA"
"2020-04-13","Hamburg",3808,59,"NA","NA","NA","NA","NA","NA"
"2020-04-13","Hessen",6183,147,"NA","NA","NA","NA","NA","NA"
"2020-04-13","Mecklenburg-Vorpommern",619,11,"NA","NA","NA","NA","NA","NA"
"2020-04-13","Niedersachsen",7885,211,"NA","NA","NA","NA","NA","NA"
"2020-04-13","Nordrhein-Westfalen",25300,545,"NA","NA","NA","NA","NA","NA"
"2020-04-13","Rheinland-Pfalz",4880,70,"NA","NA","NA","NA","NA","NA"
"2020-04-13","Saarland",2112,52,"NA","NA","NA","NA","NA","NA"
"2020-04-13","Sachsen",3751,70,"NA","NA","NA","NA","NA","NA"
"2020-04-13","Sachsen-Anhalt",1207,25,"NA","NA","NA","NA","NA","NA"
"2020-04-13","Schleswig-Holstein",2164,49,"NA","NA","NA","NA","NA","NA"
"2020-04-13","Thuringen",1504,31,"NA","NA","NA","NA","NA","NA"
